INSERT INTO `tb_cliente` (`id`,`nome`,`login`,`senha`,`perfil`,`cpf`,`telefone`,`email`,`data_nascimento`,`data_cadastro`,`version`) VALUES (1,"Mollie","Mark","RKP78SXO2GS","Erasmus","Aliquet Phasellus Fermentum Associates","(611) 797-3696","turpis@Utsagittislobortis.com","2018-08-14","2017-07-07","1");
INSERT INTO `tb_cliente` (`id`,`nome`,`login`,`senha`,`perfil`,`cpf`,`telefone`,`email`,`data_nascimento`,`data_cadastro`,`version`) VALUES (2,"Callie","Beau","NYZ16PCK6OF","Chadwick","Ante Ipsum Primis Ltd","(645) 580-3105","interdum.libero.dui@Proinnisl.org","2017-09-26","2018-04-16","1");
INSERT INTO `tb_cliente` (`id`,`nome`,`login`,`senha`,`perfil`,`cpf`,`telefone`,`email`,`data_nascimento`,`data_cadastro`,`version`) VALUES (3,"Teagan","Ulric","MHL16IBK5SV","William","Sit Amet Limited","(887) 451-3223","ultricies@ipsum.com","2017-10-02","2018-01-29","1");
INSERT INTO `tb_cliente` (`id`,`nome`,`login`,`senha`,`perfil`,`cpf`,`telefone`,`email`,`data_nascimento`,`data_cadastro`,`version`) VALUES (4,"Sarah","Lars","IFJ13IFX0MC","Marshall","Libero LLC","(966) 949-7053","orci@Proinnon.com","2018-11-12","2017-10-20","1");
INSERT INTO `tb_cliente` (`id`,`nome`,`login`,`senha`,`perfil`,`cpf`,`telefone`,`email`,`data_nascimento`,`data_cadastro`,`version`) VALUES (5,"Imani","William","KSZ33RXL4LL","Alden","Ac Turpis Egestas Company","(341) 552-5582","mollis@Etiam.com","2019-06-13","2018-08-05","1");
INSERT INTO `tb_cliente` (`id`,`nome`,`login`,`senha`,`perfil`,`cpf`,`telefone`,`email`,`data_nascimento`,`data_cadastro`,`version`) VALUES (6,"Yeo","Jelani","ROO77PSX8WZ","Todd","Ac Facilisis Facilisis Corp.","(391) 886-8061","luctus.lobortis@velitegestaslacinia.ca","2019-02-28","2018-02-27","1");
INSERT INTO `tb_cliente` (`id`,`nome`,`login`,`senha`,`perfil`,`cpf`,`telefone`,`email`,`data_nascimento`,`data_cadastro`,`version`) VALUES (7,"Darryl","Omar","ZDA62GHI5QH","Elvis","Semper Nam Corp.","(912) 365-8554","orci.consectetuer@augueacipsum.net","2018-04-24","2017-11-16","1");
INSERT INTO `tb_cliente` (`id`,`nome`,`login`,`senha`,`perfil`,`cpf`,`telefone`,`email`,`data_nascimento`,`data_cadastro`,`version`) VALUES (8,"Lilah","Nehru","FCR56WQL3SK","Damon","Donec Feugiat Foundation","(505) 436-2936","magna.tellus.faucibus@Fuscealiquam.co.uk","2019-02-12","2019-02-18","1");
INSERT INTO `tb_cliente` (`id`,`nome`,`login`,`senha`,`perfil`,`cpf`,`telefone`,`email`,`data_nascimento`,`data_cadastro`,`version`) VALUES (9,"Margaret","Ethan","QEV80LUM2GC","Marvin","Proin Dolor Nulla Company","(935) 688-4913","magna.a.tortor@Nuncuterat.edu","2017-06-24","2017-12-22","1");
INSERT INTO `tb_cliente` (`id`,`nome`,`login`,`senha`,`perfil`,`cpf`,`telefone`,`email`,`data_nascimento`,`data_cadastro`,`version`) VALUES (10,"Kristen","Herrod","UZW68LFL8AB","August","Eu Company","(309) 506-8989","pellentesque.Sed@Morbi.org","2018-06-12","2019-04-14","1");
INSERT INTO `tb_cliente` (`id`,`nome`,`login`,`senha`,`perfil`,`cpf`,`telefone`,`email`,`data_nascimento`,`data_cadastro`,`version`) VALUES (11,"Beverly","Hector","ZSF70SGL7LO","Amal","Dolor Donec Fringilla Limited","(400) 552-8067","dui.Suspendisse.ac@Sednulla.co.uk","2018-11-25","2019-02-19","1");
INSERT INTO `tb_cliente` (`id`,`nome`,`login`,`senha`,`perfil`,`cpf`,`telefone`,`email`,`data_nascimento`,`data_cadastro`,`version`) VALUES (12,"Zenaida","Josiah","MQC73IYK1VG","Nero","Ac Libero Nec LLP","(336) 795-9813","mi.fringilla.mi@sagittis.org","2018-01-30","2019-03-15","1");
INSERT INTO `tb_cliente` (`id`,`nome`,`login`,`senha`,`perfil`,`cpf`,`telefone`,`email`,`data_nascimento`,`data_cadastro`,`version`) VALUES (13,"Blossom","Perry","HYG23HCD0TX","Steel","Nec Eleifend Associates","(169) 283-7229","consectetuer.adipiscing.elit@vellectus.ca","2019-04-27","2017-07-28","1");
INSERT INTO `tb_cliente` (`id`,`nome`,`login`,`senha`,`perfil`,`cpf`,`telefone`,`email`,`data_nascimento`,`data_cadastro`,`version`) VALUES (14,"Sybil","Mannix","DTC83GYW6KC","David","A Facilisis Associates","(235) 286-6262","viverra.Maecenas.iaculis@molestie.net","2018-10-28","2018-05-21","1");
INSERT INTO `tb_cliente` (`id`,`nome`,`login`,`senha`,`perfil`,`cpf`,`telefone`,`email`,`data_nascimento`,`data_cadastro`,`version`) VALUES (15,"Charlotte","Edan","HUP75XAS2HA","Raymond","Posuere Vulputate Company","(609) 582-3850","elit.pellentesque@turpisIn.co.uk","2017-08-20","2018-04-18","1");
INSERT INTO `tb_cliente` (`id`,`nome`,`login`,`senha`,`perfil`,`cpf`,`telefone`,`email`,`data_nascimento`,`data_cadastro`,`version`) VALUES (16,"Calista","Lucius","LAW67PQR3BU","Clinton","Felis PC","(931) 593-1230","mauris.Morbi.non@et.com","2019-05-17","2017-09-01","1");
INSERT INTO `tb_cliente` (`id`,`nome`,`login`,`senha`,`perfil`,`cpf`,`telefone`,`email`,`data_nascimento`,`data_cadastro`,`version`) VALUES (17,"Brooke","Griffin","VMN68BEU1RO","Samuel","Non Inc.","(485) 172-0789","risus.Nunc@Nullamutnisi.net","2018-06-08","2017-08-29","1");
INSERT INTO `tb_cliente` (`id`,`nome`,`login`,`senha`,`perfil`,`cpf`,`telefone`,`email`,`data_nascimento`,`data_cadastro`,`version`) VALUES (18,"Bianca","Patrick","OWP81IQJ3AI","Mannix","Maecenas Malesuada Limited","(582) 944-6428","Ut.tincidunt.orci@ipsum.net","2017-10-07","2018-02-21","1");
INSERT INTO `tb_cliente` (`id`,`nome`,`login`,`senha`,`perfil`,`cpf`,`telefone`,`email`,`data_nascimento`,`data_cadastro`,`version`) VALUES (19,"Jade","Chaney","JKD60OGB2LF","Dylan","Lorem LLP","(276) 454-9934","erat.eget@sociisnatoquepenatibus.org","2019-04-24","2019-02-28","1");
INSERT INTO `tb_cliente` (`id`,`nome`,`login`,`senha`,`perfil`,`cpf`,`telefone`,`email`,`data_nascimento`,`data_cadastro`,`version`) VALUES (20,"Tatyana","Igor","LIV50DSH2QU","Kareem","Pharetra Sed Hendrerit Corp.","(693) 996-9606","augue.eu@tellussem.edu","2019-03-04","2018-10-13","1");
INSERT INTO `tb_cliente` (`id`,`nome`,`login`,`senha`,`perfil`,`cpf`,`telefone`,`email`,`data_nascimento`,`data_cadastro`,`version`) VALUES (21,"Serina","Kasper","WBM86RII8YY","Yoshio","Et Tristique Pellentesque Associates","(949) 375-6623","dolor.Donec@Mauris.org","2018-04-04","2018-01-03","1");
INSERT INTO `tb_cliente` (`id`,`nome`,`login`,`senha`,`perfil`,`cpf`,`telefone`,`email`,`data_nascimento`,`data_cadastro`,`version`) VALUES (22,"Teegan","Porter","CDA01XMU2ZY","Stuart","Egestas Incorporated","(220) 363-1275","dolor@duiSuspendisse.edu","2018-06-04","2017-07-06","1");
INSERT INTO `tb_cliente` (`id`,`nome`,`login`,`senha`,`perfil`,`cpf`,`telefone`,`email`,`data_nascimento`,`data_cadastro`,`version`) VALUES (23,"Aiko","Cameron","DHB64SCL7HV","Rogan","Justo Sit Amet Ltd","(768) 591-6986","tellus.Suspendisse.sed@purusmaurisa.edu","2018-08-13","2019-05-26","1");
INSERT INTO `tb_cliente` (`id`,`nome`,`login`,`senha`,`perfil`,`cpf`,`telefone`,`email`,`data_nascimento`,`data_cadastro`,`version`) VALUES (24,"Briar","Aquila","OHO40TYE2HO","Malik","Lectus Justo Corp.","(519) 505-1335","non.quam@arcu.edu","2017-08-03","2018-01-08","1");
INSERT INTO `tb_cliente` (`id`,`nome`,`login`,`senha`,`perfil`,`cpf`,`telefone`,`email`,`data_nascimento`,`data_cadastro`,`version`) VALUES (25,"Freya","Brian","UME06NPY4AM","Owen","Pede Nunc PC","(912) 300-8798","aliquet.metus@adipiscingelit.ca","2017-08-25","2018-03-08","1");
INSERT INTO `tb_cliente` (`id`,`nome`,`login`,`senha`,`perfil`,`cpf`,`telefone`,`email`,`data_nascimento`,`data_cadastro`,`version`) VALUES (26,"Wilma","Lars","FLR78DAP7PR","Chase","Et Magna Institute","(251) 777-1697","elit.pretium.et@anunc.ca","2017-09-17","2018-02-11","1");
INSERT INTO `tb_cliente` (`id`,`nome`,`login`,`senha`,`perfil`,`cpf`,`telefone`,`email`,`data_nascimento`,`data_cadastro`,`version`) VALUES (27,"Cynthia","Macon","PHS86BKE5MF","Paki","Proin Dolor Nulla Ltd","(190) 454-3206","sit.amet.dapibus@tellus.co.uk","2017-07-08","2018-08-01","1");
INSERT INTO `tb_cliente` (`id`,`nome`,`login`,`senha`,`perfil`,`cpf`,`telefone`,`email`,`data_nascimento`,`data_cadastro`,`version`) VALUES (28,"Inga","Evan","PPZ99TDU0IH","Elijah","Erat PC","(437) 342-6755","tristique.senectus.et@IntegermollisInteger.net","2018-05-20","2019-01-23","1");
INSERT INTO `tb_cliente` (`id`,`nome`,`login`,`senha`,`perfil`,`cpf`,`telefone`,`email`,`data_nascimento`,`data_cadastro`,`version`) VALUES (29,"Hadley","Cooper","LDB89NGX3TT","Zachery","Urna Et Corp.","(759) 885-8707","Pellentesque.ut@Vestibulumut.ca","2017-08-22","2018-06-26","1");
INSERT INTO `tb_cliente` (`id`,`nome`,`login`,`senha`,`perfil`,`cpf`,`telefone`,`email`,`data_nascimento`,`data_cadastro`,`version`) VALUES (30,"Kathleen","Guy","FEJ13KHO4KM","Ethan","Lorem Fringilla Inc.","(548) 436-3864","magna.Cras.convallis@erat.co.uk","2019-05-29","2017-06-27","1");
INSERT INTO `tb_cliente` (`id`,`nome`,`login`,`senha`,`perfil`,`cpf`,`telefone`,`email`,`data_nascimento`,`data_cadastro`,`version`) VALUES (31,"Basia","Jelani","FAD37VUK8QW","Chase","Phasellus Ornare Incorporated","(145) 740-6151","orci.tincidunt@elitdictumeu.ca","2017-08-16","2017-07-28","1");
INSERT INTO `tb_cliente` (`id`,`nome`,`login`,`senha`,`perfil`,`cpf`,`telefone`,`email`,`data_nascimento`,`data_cadastro`,`version`) VALUES (32,"Christine","Kirk","QHW28XIN2LY","Bert","Tristique Senectus Et Consulting","(547) 152-8523","at.egestas.a@vitaediamProin.org","2019-06-19","2018-08-03","1");
INSERT INTO `tb_cliente` (`id`,`nome`,`login`,`senha`,`perfil`,`cpf`,`telefone`,`email`,`data_nascimento`,`data_cadastro`,`version`) VALUES (33,"Joelle","Honorato","VSJ63YLV4PT","Rafael","Lorem Luctus Ut LLP","(281) 291-3355","nec@laoreetposuereenim.edu","2017-10-14","2018-09-16","1");
INSERT INTO `tb_cliente` (`id`,`nome`,`login`,`senha`,`perfil`,`cpf`,`telefone`,`email`,`data_nascimento`,`data_cadastro`,`version`) VALUES (34,"Lunea","Leonard","OES73YRX0OB","Seth","Vivamus Sit Amet Associates","(272) 678-2114","hendrerit.consectetuer@consectetueradipiscing.edu","2018-11-22","2018-12-10","1");
INSERT INTO `tb_cliente` (`id`,`nome`,`login`,`senha`,`perfil`,`cpf`,`telefone`,`email`,`data_nascimento`,`data_cadastro`,`version`) VALUES (35,"Rachel","Ahmed","OLZ01WXX9QX","Bernard","Donec Incorporated","(263) 745-1850","porttitor.eros@disparturient.org","2019-06-21","2017-10-08","1");
INSERT INTO `tb_cliente` (`id`,`nome`,`login`,`senha`,`perfil`,`cpf`,`telefone`,`email`,`data_nascimento`,`data_cadastro`,`version`) VALUES (36,"Madeline","Jelani","BRD06EIU3GW","Eaton","Nullam Corporation","(681) 228-0780","per.conubia.nostra@nisi.org","2017-11-16","2017-11-10","1");
INSERT INTO `tb_cliente` (`id`,`nome`,`login`,`senha`,`perfil`,`cpf`,`telefone`,`email`,`data_nascimento`,`data_cadastro`,`version`) VALUES (37,"Macey","Jameson","ZTI65UOE1MC","Jelani","Mauris Erat Eget Company","(975) 188-2751","erat.volutpat@quis.org","2018-08-22","2017-06-22","1");
INSERT INTO `tb_cliente` (`id`,`nome`,`login`,`senha`,`perfil`,`cpf`,`telefone`,`email`,`data_nascimento`,`data_cadastro`,`version`) VALUES (38,"Florence","Hoyt","VKN25CBK3AU","Josiah","Maecenas Iaculis Aliquet Consulting","(441) 424-0974","sapien@sitametlorem.edu","2018-01-22","2018-09-05","1");
INSERT INTO `tb_cliente` (`id`,`nome`,`login`,`senha`,`perfil`,`cpf`,`telefone`,`email`,`data_nascimento`,`data_cadastro`,`version`) VALUES (39,"Callie","Mufutau","BMT66CHK7ME","Quinn","Mus Ltd","(320) 596-2180","odio@cursuset.com","2019-05-12","2018-03-09","1");
INSERT INTO `tb_cliente` (`id`,`nome`,`login`,`senha`,`perfil`,`cpf`,`telefone`,`email`,`data_nascimento`,`data_cadastro`,`version`) VALUES (40,"Alexa","Tad","LPQ82FEB0RD","Colby","Quam Vel Sapien Institute","(454) 259-2303","faucibus.orci.luctus@vestibulumneceuismod.ca","2019-04-07","2017-07-22","1");
INSERT INTO `tb_cliente` (`id`,`nome`,`login`,`senha`,`perfil`,`cpf`,`telefone`,`email`,`data_nascimento`,`data_cadastro`,`version`) VALUES (41,"Cameron","Alfonso","DEO90QYJ2NF","Andrew","Pede LLC","(507) 859-0919","elit.Nulla@ornareFusce.co.uk","2019-03-30","2018-07-03","1");
INSERT INTO `tb_cliente` (`id`,`nome`,`login`,`senha`,`perfil`,`cpf`,`telefone`,`email`,`data_nascimento`,`data_cadastro`,`version`) VALUES (42,"Anastasia","Damian","DUV27LRS9BP","Aidan","Gravida Sagittis Duis PC","(316) 764-3037","ac.metus@ataugue.ca","2019-03-19","2018-03-06","1");
INSERT INTO `tb_cliente` (`id`,`nome`,`login`,`senha`,`perfil`,`cpf`,`telefone`,`email`,`data_nascimento`,`data_cadastro`,`version`) VALUES (43,"Winifred","Garth","EZL17SQD9VL","Chaim","Praesent Luctus LLC","(554) 237-7690","vel.pede@nislelementum.com","2017-08-09","2018-09-28","1");
INSERT INTO `tb_cliente` (`id`,`nome`,`login`,`senha`,`perfil`,`cpf`,`telefone`,`email`,`data_nascimento`,`data_cadastro`,`version`) VALUES (44,"Adena","Randall","SZA61PXE1RB","Reed","Mi Ltd","(366) 327-6899","mauris@Maecenas.com","2018-09-22","2017-11-30","1");
INSERT INTO `tb_cliente` (`id`,`nome`,`login`,`senha`,`perfil`,`cpf`,`telefone`,`email`,`data_nascimento`,`data_cadastro`,`version`) VALUES (45,"Darrel","Price","VFJ78HNV2RI","Quentin","Tristique Pellentesque Corp.","(182) 768-8086","placerat@rutrumjusto.org","2019-05-07","2018-06-16","1");
INSERT INTO `tb_cliente` (`id`,`nome`,`login`,`senha`,`perfil`,`cpf`,`telefone`,`email`,`data_nascimento`,`data_cadastro`,`version`) VALUES (46,"Victoria","Jesse","ZPW33UEL5ZX","Fulton","Scelerisque Institute","(385) 991-4618","fringilla.purus@elitpharetra.net","2018-05-02","2017-07-02","1");
INSERT INTO `tb_cliente` (`id`,`nome`,`login`,`senha`,`perfil`,`cpf`,`telefone`,`email`,`data_nascimento`,`data_cadastro`,`version`) VALUES (47,"Shelley","Aladdin","MUI56KGZ0WX","Kyle","Et Magna Praesent Associates","(446) 402-8351","amet.ultricies@tellusjusto.co.uk","2018-10-27","2017-08-30","1");
INSERT INTO `tb_cliente` (`id`,`nome`,`login`,`senha`,`perfil`,`cpf`,`telefone`,`email`,`data_nascimento`,`data_cadastro`,`version`) VALUES (48,"Sonya","Owen","PYP79EJN3UE","Ronan","Magna Praesent Company","(745) 413-3989","magna@Praesenteu.ca","2017-06-28","2019-05-19","1");
INSERT INTO `tb_cliente` (`id`,`nome`,`login`,`senha`,`perfil`,`cpf`,`telefone`,`email`,`data_nascimento`,`data_cadastro`,`version`) VALUES (49,"Darrel","Kuame","KPD06VCD0EP","Cameron","In Scelerisque Scelerisque Industries","(621) 831-2691","Etiam.vestibulum@orciinconsequat.org","2017-06-26","2018-02-03","1");
INSERT INTO `tb_cliente` (`id`,`nome`,`login`,`senha`,`perfil`,`cpf`,`telefone`,`email`,`data_nascimento`,`data_cadastro`,`version`) VALUES (50,"Quin","Zane","CNH10LZY1RX","Xander","Ullamcorper Magna Sed LLC","(557) 535-2215","arcu@Intinciduntcongue.org","2017-07-19","2017-09-07","1");
INSERT INTO `tb_cliente` (`id`,`nome`,`login`,`senha`,`perfil`,`cpf`,`telefone`,`email`,`data_nascimento`,`data_cadastro`,`version`) VALUES (51,"Fatima","Fuller","AGR26WVU7YR","Russell","Pede Et Consulting","(910) 148-4427","gravida@ametconsectetuer.org","2019-04-25","2017-11-17","1");
INSERT INTO `tb_cliente` (`id`,`nome`,`login`,`senha`,`perfil`,`cpf`,`telefone`,`email`,`data_nascimento`,`data_cadastro`,`version`) VALUES (52,"Basia","Jonas","YZV84LEM1NI","Cullen","Risus Incorporated","(347) 759-7786","imperdiet.nec.leo@senectuset.co.uk","2018-11-27","2019-02-21","1");
INSERT INTO `tb_cliente` (`id`,`nome`,`login`,`senha`,`perfil`,`cpf`,`telefone`,`email`,`data_nascimento`,`data_cadastro`,`version`) VALUES (53,"Clare","Aquila","CSU59ZVJ6GU","Guy","Molestie Institute","(746) 434-0895","Vestibulum.accumsan.neque@sem.org","2019-05-20","2019-03-04","1");
INSERT INTO `tb_cliente` (`id`,`nome`,`login`,`senha`,`perfil`,`cpf`,`telefone`,`email`,`data_nascimento`,`data_cadastro`,`version`) VALUES (54,"Gemma","Dennis","JMC32YSM9AQ","Hall","At Egestas A Ltd","(843) 733-5727","ipsum.cursus@anteblandit.co.uk","2018-06-24","2019-01-10","1");
INSERT INTO `tb_cliente` (`id`,`nome`,`login`,`senha`,`perfil`,`cpf`,`telefone`,`email`,`data_nascimento`,`data_cadastro`,`version`) VALUES (55,"Shoshana","Amal","IPK78NME9DI","Tanner","Mauris Ut PC","(360) 732-2699","vulputate@egetdictumplacerat.org","2017-09-14","2018-11-25","1");
INSERT INTO `tb_cliente` (`id`,`nome`,`login`,`senha`,`perfil`,`cpf`,`telefone`,`email`,`data_nascimento`,`data_cadastro`,`version`) VALUES (56,"Sharon","Geoffrey","OEU24JKB7XX","Branden","Ac Turpis Institute","(173) 323-1307","facilisis@libero.ca","2018-01-28","2018-11-09","1");
INSERT INTO `tb_cliente` (`id`,`nome`,`login`,`senha`,`perfil`,`cpf`,`telefone`,`email`,`data_nascimento`,`data_cadastro`,`version`) VALUES (57,"Hollee","Erich","AKS33JXX8SZ","Erasmus","Arcu Corp.","(696) 306-2178","lorem@cubiliaCurae.co.uk","2018-06-02","2017-11-28","1");
INSERT INTO `tb_cliente` (`id`,`nome`,`login`,`senha`,`perfil`,`cpf`,`telefone`,`email`,`data_nascimento`,`data_cadastro`,`version`) VALUES (58,"Hermione","Edward","ABP90TIW0LV","Reuben","Fringilla Company","(736) 192-1204","nisi.Mauris.nulla@euismod.ca","2017-09-27","2018-06-13","1");
INSERT INTO `tb_cliente` (`id`,`nome`,`login`,`senha`,`perfil`,`cpf`,`telefone`,`email`,`data_nascimento`,`data_cadastro`,`version`) VALUES (59,"Carol","Ezekiel","UZS93LUA9BK","Dustin","Id Enim Curabitur Foundation","(293) 570-1151","dis@malesuada.org","2018-02-18","2018-12-26","1");
INSERT INTO `tb_cliente` (`id`,`nome`,`login`,`senha`,`perfil`,`cpf`,`telefone`,`email`,`data_nascimento`,`data_cadastro`,`version`) VALUES (60,"Kelsie","Harlan","RWZ21TRG7YA","Drake","Cras Dolor Inc.","(377) 225-6419","Curabitur@egestasAliquam.com","2017-08-03","2018-05-31","1");
INSERT INTO `tb_cliente` (`id`,`nome`,`login`,`senha`,`perfil`,`cpf`,`telefone`,`email`,`data_nascimento`,`data_cadastro`,`version`) VALUES (61,"Molly","Craig","MWE95FSV9VN","Nasim","Faucibus Leo PC","(911) 341-2588","lacus.varius.et@a.co.uk","2018-06-09","2019-04-21","1");
INSERT INTO `tb_cliente` (`id`,`nome`,`login`,`senha`,`perfil`,`cpf`,`telefone`,`email`,`data_nascimento`,`data_cadastro`,`version`) VALUES (62,"Morgan","James","XNE59NMF9JG","Sebastian","Quam Quis Diam Associates","(157) 311-4764","a.aliquet.vel@fringillaestMauris.ca","2017-12-06","2018-12-04","1");
INSERT INTO `tb_cliente` (`id`,`nome`,`login`,`senha`,`perfil`,`cpf`,`telefone`,`email`,`data_nascimento`,`data_cadastro`,`version`) VALUES (63,"Risa","Wesley","QQD19JYD8TI","Stephen","Tempor Lorem Inc.","(981) 854-1672","sodales.Mauris.blandit@dolorFuscefeugiat.ca","2018-01-24","2018-09-24","1");
INSERT INTO `tb_cliente` (`id`,`nome`,`login`,`senha`,`perfil`,`cpf`,`telefone`,`email`,`data_nascimento`,`data_cadastro`,`version`) VALUES (64,"Carla","Honorato","DJT54ILL9ME","Emery","Eu Lacus Quisque PC","(149) 301-4892","ante.blandit.viverra@vestibulum.org","2017-11-16","2018-12-13","1");
INSERT INTO `tb_cliente` (`id`,`nome`,`login`,`senha`,`perfil`,`cpf`,`telefone`,`email`,`data_nascimento`,`data_cadastro`,`version`) VALUES (65,"Cally","Kuame","MWU28SFH5MP","Tarik","Morbi Tristique Senectus Corporation","(882) 706-6774","nec@augueacipsum.net","2018-03-18","2018-02-14","1");
INSERT INTO `tb_cliente` (`id`,`nome`,`login`,`senha`,`perfil`,`cpf`,`telefone`,`email`,`data_nascimento`,`data_cadastro`,`version`) VALUES (66,"Penelope","Kane","HAM50GML1HO","Ralph","Velit Cras Lorem Industries","(774) 204-3839","egestas.nunc@orci.org","2017-12-31","2018-04-01","1");
INSERT INTO `tb_cliente` (`id`,`nome`,`login`,`senha`,`perfil`,`cpf`,`telefone`,`email`,`data_nascimento`,`data_cadastro`,`version`) VALUES (67,"Eugenia","Tiger","SRW34RJA5PL","Julian","Elit Company","(931) 298-2654","est.mollis@ultricesiaculisodio.com","2017-10-24","2017-08-22","1");
INSERT INTO `tb_cliente` (`id`,`nome`,`login`,`senha`,`perfil`,`cpf`,`telefone`,`email`,`data_nascimento`,`data_cadastro`,`version`) VALUES (68,"Wynne","Coby","QAN00TCJ8VQ","Finn","Id Institute","(250) 520-8120","velit.Pellentesque.ultricies@cursuset.co.uk","2019-03-23","2017-11-15","1");
INSERT INTO `tb_cliente` (`id`,`nome`,`login`,`senha`,`perfil`,`cpf`,`telefone`,`email`,`data_nascimento`,`data_cadastro`,`version`) VALUES (69,"Karen","Odysseus","NSR87GKJ5YK","Vincent","Mattis Semper Dui Industries","(400) 320-4011","lorem.ut.aliquam@netusetmalesuada.ca","2018-07-26","2018-02-17","1");
INSERT INTO `tb_cliente` (`id`,`nome`,`login`,`senha`,`perfil`,`cpf`,`telefone`,`email`,`data_nascimento`,`data_cadastro`,`version`) VALUES (70,"Riley","Preston","WZC76TWS6QD","Darius","Non Associates","(953) 916-0109","felis.orci@inlobortistellus.com","2018-07-28","2018-10-13","1");
INSERT INTO `tb_cliente` (`id`,`nome`,`login`,`senha`,`perfil`,`cpf`,`telefone`,`email`,`data_nascimento`,`data_cadastro`,`version`) VALUES (71,"Yvonne","Ira","ULY13ZSX3BZ","Chester","Phasellus At Ltd","(935) 136-5245","Quisque.ornare@bibendumfermentummetus.net","2017-10-06","2018-11-02","1");
INSERT INTO `tb_cliente` (`id`,`nome`,`login`,`senha`,`perfil`,`cpf`,`telefone`,`email`,`data_nascimento`,`data_cadastro`,`version`) VALUES (72,"Ariel","Caldwell","EPX59VSA6HT","Uriel","Diam Dictum Sapien LLC","(962) 576-6208","et.libero.Proin@adipiscingelit.org","2018-11-01","2018-07-22","1");
INSERT INTO `tb_cliente` (`id`,`nome`,`login`,`senha`,`perfil`,`cpf`,`telefone`,`email`,`data_nascimento`,`data_cadastro`,`version`) VALUES (73,"Quon","Jasper","LNJ11TMB8HN","Garrett","Felis Nulla Tempor Consulting","(813) 727-3681","nec.tempus@euligulaAenean.edu","2017-09-05","2019-01-23","1");
INSERT INTO `tb_cliente` (`id`,`nome`,`login`,`senha`,`perfil`,`cpf`,`telefone`,`email`,`data_nascimento`,`data_cadastro`,`version`) VALUES (74,"Shelby","Clarke","ZXO90TVC8WL","Brody","Mauris Quis Turpis Incorporated","(400) 553-6838","sit.amet@fermentumvelmauris.com","2018-07-01","2018-05-29","1");
INSERT INTO `tb_cliente` (`id`,`nome`,`login`,`senha`,`perfil`,`cpf`,`telefone`,`email`,`data_nascimento`,`data_cadastro`,`version`) VALUES (75,"Noelani","Kasper","SLS08CFO5UJ","Brody","Mauris Magna Corporation","(293) 324-7480","ut@eratin.org","2017-09-03","2018-03-17","1");
INSERT INTO `tb_cliente` (`id`,`nome`,`login`,`senha`,`perfil`,`cpf`,`telefone`,`email`,`data_nascimento`,`data_cadastro`,`version`) VALUES (76,"Maia","Hasad","KGI08KON9NA","Linus","Ullamcorper Magna Corporation","(373) 776-8713","adipiscing.ligula@eu.edu","2018-03-12","2018-02-08","1");
INSERT INTO `tb_cliente` (`id`,`nome`,`login`,`senha`,`perfil`,`cpf`,`telefone`,`email`,`data_nascimento`,`data_cadastro`,`version`) VALUES (77,"Madeline","Fletcher","UDW20URS4HB","Chaim","Ac Urna Ut PC","(625) 482-1762","at.risus.Nunc@congueelit.net","2018-12-20","2018-12-13","1");
INSERT INTO `tb_cliente` (`id`,`nome`,`login`,`senha`,`perfil`,`cpf`,`telefone`,`email`,`data_nascimento`,`data_cadastro`,`version`) VALUES (78,"Charlotte","Ferris","OYM05YCG8EB","Price","Facilisis Facilisis Consulting","(629) 776-2847","nisl@sociis.co.uk","2018-04-19","2019-03-06","1");
INSERT INTO `tb_cliente` (`id`,`nome`,`login`,`senha`,`perfil`,`cpf`,`telefone`,`email`,`data_nascimento`,`data_cadastro`,`version`) VALUES (79,"Fay","Aladdin","IDN74EON6HE","Griffin","Phasellus Incorporated","(759) 840-9189","Maecenas.mi.felis@Fusce.co.uk","2017-09-30","2018-08-07","1");
INSERT INTO `tb_cliente` (`id`,`nome`,`login`,`senha`,`perfil`,`cpf`,`telefone`,`email`,`data_nascimento`,`data_cadastro`,`version`) VALUES (80,"Nina","Brennan","TTO87OBM0GP","Hamilton","Hymenaeos Mauris Ut Industries","(190) 252-2370","pede@nectempus.co.uk","2019-01-26","2018-05-11","1");
INSERT INTO `tb_cliente` (`id`,`nome`,`login`,`senha`,`perfil`,`cpf`,`telefone`,`email`,`data_nascimento`,`data_cadastro`,`version`) VALUES (81,"Briar","Nigel","WZR12OMT2MZ","Neville","Cras Pellentesque Sed Institute","(515) 579-2916","diam.eu.dolor@semmollisdui.org","2017-07-09","2019-05-07","1");
INSERT INTO `tb_cliente` (`id`,`nome`,`login`,`senha`,`perfil`,`cpf`,`telefone`,`email`,`data_nascimento`,`data_cadastro`,`version`) VALUES (82,"Bethany","Brenden","ZVQ02PMJ6AM","Slade","Enim Corporation","(419) 849-4843","fames.ac@dolorelitpellentesque.net","2018-08-10","2018-11-08","1");
INSERT INTO `tb_cliente` (`id`,`nome`,`login`,`senha`,`perfil`,`cpf`,`telefone`,`email`,`data_nascimento`,`data_cadastro`,`version`) VALUES (83,"Dara","Kermit","MNJ75OLG1WH","Rahim","Enim Mauris Quis Consulting","(131) 902-6203","fermentum@sociis.org","2018-02-02","2019-03-12","1");
INSERT INTO `tb_cliente` (`id`,`nome`,`login`,`senha`,`perfil`,`cpf`,`telefone`,`email`,`data_nascimento`,`data_cadastro`,`version`) VALUES (84,"Sacha","Conan","ELT18FJA8LP","Ferdinand","Nulla Limited","(883) 110-7208","accumsan.laoreet@euismodenimEtiam.ca","2017-08-02","2018-03-21","1");
INSERT INTO `tb_cliente` (`id`,`nome`,`login`,`senha`,`perfil`,`cpf`,`telefone`,`email`,`data_nascimento`,`data_cadastro`,`version`) VALUES (85,"Inga","Caleb","JYY19VEF0AE","Amal","Faucibus Associates","(366) 410-3783","sagittis.lobortis.mauris@Integersemelit.ca","2017-11-06","2019-05-14","1");
INSERT INTO `tb_cliente` (`id`,`nome`,`login`,`senha`,`perfil`,`cpf`,`telefone`,`email`,`data_nascimento`,`data_cadastro`,`version`) VALUES (86,"Leila","Richard","RMG81ZWJ4TT","Abbot","Eleifend Inc.","(612) 785-2097","odio.Nam.interdum@Curae.ca","2019-01-20","2018-04-19","1");
INSERT INTO `tb_cliente` (`id`,`nome`,`login`,`senha`,`perfil`,`cpf`,`telefone`,`email`,`data_nascimento`,`data_cadastro`,`version`) VALUES (87,"Barbara","Giacomo","IRD85QRU3QF","Abdul","Elit Ltd","(466) 972-0714","Sed.nec@nullaIn.ca","2017-08-17","2018-09-28","1");
INSERT INTO `tb_cliente` (`id`,`nome`,`login`,`senha`,`perfil`,`cpf`,`telefone`,`email`,`data_nascimento`,`data_cadastro`,`version`) VALUES (88,"Nell","Dillon","EIW17GET0AC","Nolan","Ipsum Ltd","(114) 115-9446","dolor@Fuscedolor.co.uk","2018-01-16","2018-12-07","1");
INSERT INTO `tb_cliente` (`id`,`nome`,`login`,`senha`,`perfil`,`cpf`,`telefone`,`email`,`data_nascimento`,`data_cadastro`,`version`) VALUES (89,"Raven","Clayton","XZS92ZSW5MD","Zahir","Quam Ltd","(578) 357-4785","sodales@erat.org","2018-05-12","2018-08-10","1");
INSERT INTO `tb_cliente` (`id`,`nome`,`login`,`senha`,`perfil`,`cpf`,`telefone`,`email`,`data_nascimento`,`data_cadastro`,`version`) VALUES (90,"Mona","Giacomo","DGQ91JPE2KP","Ferdinand","Dui Fusce LLP","(892) 845-8883","risus.Donec.nibh@Crasconvallisconvallis.co.uk","2017-09-19","2018-09-02","1");
INSERT INTO `tb_cliente` (`id`,`nome`,`login`,`senha`,`perfil`,`cpf`,`telefone`,`email`,`data_nascimento`,`data_cadastro`,`version`) VALUES (91,"Amela","Dante","OWR54FUF7SY","Bevis","Pharetra Ut Pharetra Limited","(475) 550-0603","cursus.luctus.ipsum@orcisemeget.co.uk","2018-08-11","2018-11-07","1");
INSERT INTO `tb_cliente` (`id`,`nome`,`login`,`senha`,`perfil`,`cpf`,`telefone`,`email`,`data_nascimento`,`data_cadastro`,`version`) VALUES (92,"Libby","Warren","PDH49DBE7FO","Addison","Ut Semper LLC","(594) 729-9837","ac.eleifend@orciUtsagittis.com","2019-06-08","2018-11-25","1");
INSERT INTO `tb_cliente` (`id`,`nome`,`login`,`senha`,`perfil`,`cpf`,`telefone`,`email`,`data_nascimento`,`data_cadastro`,`version`) VALUES (93,"Ginger","Rafael","YKY00ATE1IS","Merritt","Arcu Sed Eu Foundation","(364) 410-8827","in@Nunclectuspede.edu","2018-07-15","2018-01-20","1");
INSERT INTO `tb_cliente` (`id`,`nome`,`login`,`senha`,`perfil`,`cpf`,`telefone`,`email`,`data_nascimento`,`data_cadastro`,`version`) VALUES (94,"Stacey","Trevor","GNW75MAZ0XX","Philip","Auctor Nunc PC","(188) 866-9548","ultricies@sit.com","2018-03-26","2019-05-19","1");
INSERT INTO `tb_cliente` (`id`,`nome`,`login`,`senha`,`perfil`,`cpf`,`telefone`,`email`,`data_nascimento`,`data_cadastro`,`version`) VALUES (95,"Summer","Grady","UEJ29SHQ1MC","Blake","Ac Mattis LLC","(614) 379-1763","dui@sociisnatoquepenatibus.co.uk","2018-01-19","2018-05-21","1");
INSERT INTO `tb_cliente` (`id`,`nome`,`login`,`senha`,`perfil`,`cpf`,`telefone`,`email`,`data_nascimento`,`data_cadastro`,`version`) VALUES (96,"Fatima","Wallace","OMD33INV6MS","Mark","Auctor Velit Aliquam Industries","(624) 897-4031","nisl@Namtempor.com","2017-09-17","2018-04-08","1");
INSERT INTO `tb_cliente` (`id`,`nome`,`login`,`senha`,`perfil`,`cpf`,`telefone`,`email`,`data_nascimento`,`data_cadastro`,`version`) VALUES (97,"Amanda","Elmo","WCN26GNU9MF","Hasad","Lacinia At Iaculis Limited","(778) 383-2475","amet.ante.Vivamus@diamatpretium.co.uk","2019-03-15","2017-12-09","1");
INSERT INTO `tb_cliente` (`id`,`nome`,`login`,`senha`,`perfil`,`cpf`,`telefone`,`email`,`data_nascimento`,`data_cadastro`,`version`) VALUES (98,"Kaden","Aladdin","BNS12JRQ9DO","Cade","Id Nunc Ltd","(193) 474-7456","risus.at@Nullasempertellus.com","2018-11-05","2018-09-04","1");
INSERT INTO `tb_cliente` (`id`,`nome`,`login`,`senha`,`perfil`,`cpf`,`telefone`,`email`,`data_nascimento`,`data_cadastro`,`version`) VALUES (99,"Dahlia","Abdul","FZS39FRN5OE","Richard","Hymenaeos Mauris Industries","(532) 793-3006","vulputate.mauris.sagittis@ornareelit.org","2019-01-09","2018-06-07","1");
INSERT INTO `tb_cliente` (`id`,`nome`,`login`,`senha`,`perfil`,`cpf`,`telefone`,`email`,`data_nascimento`,`data_cadastro`,`version`) VALUES (100,"Carla","Bevis","HAZ41BUS9SW","Craig","Lobortis Limited","(997) 310-6577","leo.Cras.vehicula@litoratorquent.ca","2019-05-22","2018-12-02","1");
INSERT INTO `tb_categoria` (`id`,`descricao`,`version`) VALUES (2,"Audrey","1");
INSERT INTO `tb_categoria` (`id`,`descricao`,`version`) VALUES (3,"Risa","1");
INSERT INTO `tb_categoria` (`id`,`descricao`,`version`) VALUES (4,"Blaine","1");
INSERT INTO `tb_categoria` (`id`,`descricao`,`version`) VALUES (5,"Eve","1");
INSERT INTO `tb_categoria` (`id`,`descricao`,`version`) VALUES (6,"MacKensie","1");
INSERT INTO `tb_categoria` (`id`,`descricao`,`version`) VALUES (7,"Fleur","1");
INSERT INTO `tb_categoria` (`id`,`descricao`,`version`) VALUES (8,"Kyla","1");
INSERT INTO `tb_categoria` (`id`,`descricao`,`version`) VALUES (9,"Diana","1");
INSERT INTO `tb_categoria` (`id`,`descricao`,`version`) VALUES (10,"Heather","1");
INSERT INTO `tb_categoria` (`id`,`descricao`,`version`) VALUES (11,"Carolyn","1");
INSERT INTO `tb_categoria` (`id`,`descricao`,`version`) VALUES (12,"Cally","1");
INSERT INTO `tb_categoria` (`id`,`descricao`,`version`) VALUES (13,"Maris","1");
INSERT INTO `tb_categoria` (`id`,`descricao`,`version`) VALUES (14,"Jael","1");
INSERT INTO `tb_categoria` (`id`,`descricao`,`version`) VALUES (15,"Emi","1");
INSERT INTO `tb_categoria` (`id`,`descricao`,`version`) VALUES (16,"Ivory","1");
INSERT INTO `tb_categoria` (`id`,`descricao`,`version`) VALUES (17,"Aiko","1");
INSERT INTO `tb_categoria` (`id`,`descricao`,`version`) VALUES (18,"Dorothy","1");
INSERT INTO `tb_categoria` (`id`,`descricao`,`version`) VALUES (19,"Rhonda","1");
INSERT INTO `tb_categoria` (`id`,`descricao`,`version`) VALUES (20,"Holly","1");
INSERT INTO `tb_categoria` (`id`,`descricao`,`version`) VALUES (21,"Rose","1");
INSERT INTO `tb_categoria` (`id`,`descricao`,`version`) VALUES (22,"Myra","1");
INSERT INTO `tb_categoria` (`id`,`descricao`,`version`) VALUES (23,"Chava","1");
INSERT INTO `tb_categoria` (`id`,`descricao`,`version`) VALUES (24,"September","1");
INSERT INTO `tb_categoria` (`id`,`descricao`,`version`) VALUES (25,"Aimee","1");
INSERT INTO `tb_categoria` (`id`,`descricao`,`version`) VALUES (26,"Tanya","1");
INSERT INTO `tb_categoria` (`id`,`descricao`,`version`) VALUES (27,"Karina","1");
INSERT INTO `tb_categoria` (`id`,`descricao`,`version`) VALUES (28,"Penelope","1");
INSERT INTO `tb_categoria` (`id`,`descricao`,`version`) VALUES (29,"Serina","1");
INSERT INTO `tb_categoria` (`id`,`descricao`,`version`) VALUES (30,"Colette","1");
INSERT INTO `tb_categoria` (`id`,`descricao`,`version`) VALUES (31,"Briar","1");
INSERT INTO `tb_categoria` (`id`,`descricao`,`version`) VALUES (32,"Fay","1");
INSERT INTO `tb_categoria` (`id`,`descricao`,`version`) VALUES (33,"Shoshana","1");
INSERT INTO `tb_categoria` (`id`,`descricao`,`version`) VALUES (34,"Zena","1");
INSERT INTO `tb_categoria` (`id`,`descricao`,`version`) VALUES (35,"Veda","1");
INSERT INTO `tb_categoria` (`id`,`descricao`,`version`) VALUES (36,"Keiko","1");
INSERT INTO `tb_categoria` (`id`,`descricao`,`version`) VALUES (37,"Rae","1");
INSERT INTO `tb_categoria` (`id`,`descricao`,`version`) VALUES (38,"Beatrice","1");
INSERT INTO `tb_categoria` (`id`,`descricao`,`version`) VALUES (39,"Callie","1");
INSERT INTO `tb_categoria` (`id`,`descricao`,`version`) VALUES (40,"Fredericka","1");
INSERT INTO `tb_categoria` (`id`,`descricao`,`version`) VALUES (41,"Isadora","1");
INSERT INTO `tb_categoria` (`id`,`descricao`,`version`) VALUES (42,"Ria","1");
INSERT INTO `tb_categoria` (`id`,`descricao`,`version`) VALUES (43,"Aiko","1");
INSERT INTO `tb_categoria` (`id`,`descricao`,`version`) VALUES (44,"Inga","1");
INSERT INTO `tb_categoria` (`id`,`descricao`,`version`) VALUES (45,"Xantha","1");
INSERT INTO `tb_categoria` (`id`,`descricao`,`version`) VALUES (46,"Carissa","1");
INSERT INTO `tb_categoria` (`id`,`descricao`,`version`) VALUES (47,"Vivien","1");
INSERT INTO `tb_categoria` (`id`,`descricao`,`version`) VALUES (48,"Marah","1");
INSERT INTO `tb_categoria` (`id`,`descricao`,`version`) VALUES (49,"Joan","1");
INSERT INTO `tb_categoria` (`id`,`descricao`,`version`) VALUES (50,"Ella","1");
INSERT INTO `tb_categoria` (`id`,`descricao`,`version`) VALUES (51,"April","1");
INSERT INTO `tb_categoria` (`id`,`descricao`,`version`) VALUES (52,"Rebecca","1");
INSERT INTO `tb_categoria` (`id`,`descricao`,`version`) VALUES (53,"Winter","1");
INSERT INTO `tb_categoria` (`id`,`descricao`,`version`) VALUES (54,"Mari","1");
INSERT INTO `tb_categoria` (`id`,`descricao`,`version`) VALUES (55,"Tara","1");
INSERT INTO `tb_categoria` (`id`,`descricao`,`version`) VALUES (56,"Lareina","1");
INSERT INTO `tb_categoria` (`id`,`descricao`,`version`) VALUES (57,"Iliana","1");
INSERT INTO `tb_categoria` (`id`,`descricao`,`version`) VALUES (58,"Blaine","1");
INSERT INTO `tb_categoria` (`id`,`descricao`,`version`) VALUES (59,"Giselle","1");
INSERT INTO `tb_categoria` (`id`,`descricao`,`version`) VALUES (60,"Regina","1");
INSERT INTO `tb_categoria` (`id`,`descricao`,`version`) VALUES (61,"Laura","1");
INSERT INTO `tb_categoria` (`id`,`descricao`,`version`) VALUES (62,"Wyoming","1");
INSERT INTO `tb_categoria` (`id`,`descricao`,`version`) VALUES (63,"Molly","1");
INSERT INTO `tb_categoria` (`id`,`descricao`,`version`) VALUES (64,"Susan","1");
INSERT INTO `tb_categoria` (`id`,`descricao`,`version`) VALUES (65,"Kai","1");
INSERT INTO `tb_categoria` (`id`,`descricao`,`version`) VALUES (66,"Aubrey","1");
INSERT INTO `tb_categoria` (`id`,`descricao`,`version`) VALUES (67,"Olympia","1");
INSERT INTO `tb_categoria` (`id`,`descricao`,`version`) VALUES (68,"Jael","1");
INSERT INTO `tb_categoria` (`id`,`descricao`,`version`) VALUES (69,"Octavia","1");
INSERT INTO `tb_categoria` (`id`,`descricao`,`version`) VALUES (70,"Rylee","1");
INSERT INTO `tb_categoria` (`id`,`descricao`,`version`) VALUES (71,"Sopoline","1");
INSERT INTO `tb_categoria` (`id`,`descricao`,`version`) VALUES (72,"Rhonda","1");
INSERT INTO `tb_categoria` (`id`,`descricao`,`version`) VALUES (73,"Maisie","1");
INSERT INTO `tb_categoria` (`id`,`descricao`,`version`) VALUES (74,"Maisie","1");
INSERT INTO `tb_categoria` (`id`,`descricao`,`version`) VALUES (75,"Wanda","1");
INSERT INTO `tb_categoria` (`id`,`descricao`,`version`) VALUES (76,"Josephine","1");
INSERT INTO `tb_categoria` (`id`,`descricao`,`version`) VALUES (77,"Alexa","1");
INSERT INTO `tb_categoria` (`id`,`descricao`,`version`) VALUES (78,"Rama","1");
INSERT INTO `tb_categoria` (`id`,`descricao`,`version`) VALUES (79,"Vivian","1");
INSERT INTO `tb_categoria` (`id`,`descricao`,`version`) VALUES (80,"Lisandra","1");
INSERT INTO `tb_categoria` (`id`,`descricao`,`version`) VALUES (81,"Lillith","1");
INSERT INTO `tb_categoria` (`id`,`descricao`,`version`) VALUES (82,"Gwendolyn","1");
INSERT INTO `tb_categoria` (`id`,`descricao`,`version`) VALUES (83,"Cameron","1");
INSERT INTO `tb_categoria` (`id`,`descricao`,`version`) VALUES (84,"Nadine","1");
INSERT INTO `tb_categoria` (`id`,`descricao`,`version`) VALUES (85,"Lacey","1");
INSERT INTO `tb_categoria` (`id`,`descricao`,`version`) VALUES (86,"Joan","1");
INSERT INTO `tb_categoria` (`id`,`descricao`,`version`) VALUES (87,"Aubrey","1");
INSERT INTO `tb_categoria` (`id`,`descricao`,`version`) VALUES (88,"Zelda","1");
INSERT INTO `tb_categoria` (`id`,`descricao`,`version`) VALUES (89,"Violet","1");
INSERT INTO `tb_categoria` (`id`,`descricao`,`version`) VALUES (90,"Vera","1");
INSERT INTO `tb_categoria` (`id`,`descricao`,`version`) VALUES (91,"Hanae","1");
INSERT INTO `tb_categoria` (`id`,`descricao`,`version`) VALUES (92,"Allegra","1");
INSERT INTO `tb_categoria` (`id`,`descricao`,`version`) VALUES (93,"Myra","1");
INSERT INTO `tb_categoria` (`id`,`descricao`,`version`) VALUES (94,"Kerry","1");
INSERT INTO `tb_categoria` (`id`,`descricao`,`version`) VALUES (95,"Jordan","1");
INSERT INTO `tb_categoria` (`id`,`descricao`,`version`) VALUES (96,"Sara","1");
INSERT INTO `tb_categoria` (`id`,`descricao`,`version`) VALUES (97,"Justina","1");
INSERT INTO `tb_categoria` (`id`,`descricao`,`version`) VALUES (98,"Lysandra","1");
INSERT INTO `tb_categoria` (`id`,`descricao`,`version`) VALUES (99,"Ima","1");
INSERT INTO `tb_categoria` (`id`,`descricao`,`version`) VALUES (100,"Sandra","1");
INSERT INTO `tb_produto` (`id`,`nome`,`descricao`,`id_categoria`,`preco`,`fabricante`,`version`) VALUES (1,"Montana","1",1,10,"Mannix","1");
INSERT INTO `tb_produto` (`id`,`nome`,`descricao`,`id_categoria`,`preco`,`fabricante`,`version`) VALUES (2,"Hedwig","1",2,11,"Tamara","1");
INSERT INTO `tb_produto` (`id`,`nome`,`descricao`,`id_categoria`,`preco`,`fabricante`,`version`) VALUES (3,"Serina","1",3,12,"Byron","1");
INSERT INTO `tb_produto` (`id`,`nome`,`descricao`,`id_categoria`,`preco`,`fabricante`,`version`) VALUES (4,"Dacey","1",4,13,"Aretha","1");
INSERT INTO `tb_produto` (`id`,`nome`,`descricao`,`id_categoria`,`preco`,`fabricante`,`version`) VALUES (5,"Jael","1",5,14,"Porter","1");
INSERT INTO `tb_produto` (`id`,`nome`,`descricao`,`id_categoria`,`preco`,`fabricante`,`version`) VALUES (6,"Debra","1",6,15,"Linus","1");
INSERT INTO `tb_produto` (`id`,`nome`,`descricao`,`id_categoria`,`preco`,`fabricante`,`version`) VALUES (7,"Jescie","1",7,16,"Eaton","1");
INSERT INTO `tb_produto` (`id`,`nome`,`descricao`,`id_categoria`,`preco`,`fabricante`,`version`) VALUES (8,"Anjolie","1",8,17,"Harlan","1");
INSERT INTO `tb_produto` (`id`,`nome`,`descricao`,`id_categoria`,`preco`,`fabricante`,`version`) VALUES (9,"Cassidy","1",9,18,"Christine","1");
INSERT INTO `tb_produto` (`id`,`nome`,`descricao`,`id_categoria`,`preco`,`fabricante`,`version`) VALUES (10,"Delilah","1",10,19,"Desiree","1");
INSERT INTO `tb_produto` (`id`,`nome`,`descricao`,`id_categoria`,`preco`,`fabricante`,`version`) VALUES (11,"Lillith","1",11,20,"Zane","1");
INSERT INTO `tb_produto` (`id`,`nome`,`descricao`,`id_categoria`,`preco`,`fabricante`,`version`) VALUES (12,"Rebecca","1",12,21,"Alfonso","1");
INSERT INTO `tb_produto` (`id`,`nome`,`descricao`,`id_categoria`,`preco`,`fabricante`,`version`) VALUES (13,"Fredericka","1",13,22,"Nolan","1");
INSERT INTO `tb_produto` (`id`,`nome`,`descricao`,`id_categoria`,`preco`,`fabricante`,`version`) VALUES (14,"Audra","1",14,23,"Dale","1");
INSERT INTO `tb_produto` (`id`,`nome`,`descricao`,`id_categoria`,`preco`,`fabricante`,`version`) VALUES (15,"Morgan","1",15,24,"Amelia","1");
INSERT INTO `tb_produto` (`id`,`nome`,`descricao`,`id_categoria`,`preco`,`fabricante`,`version`) VALUES (16,"Summer","1",16,25,"Abraham","1");
INSERT INTO `tb_produto` (`id`,`nome`,`descricao`,`id_categoria`,`preco`,`fabricante`,`version`) VALUES (17,"Darrel","1",17,26,"Hedwig","1");
INSERT INTO `tb_produto` (`id`,`nome`,`descricao`,`id_categoria`,`preco`,`fabricante`,`version`) VALUES (18,"Alyssa","1",18,27,"Alana","1");
INSERT INTO `tb_produto` (`id`,`nome`,`descricao`,`id_categoria`,`preco`,`fabricante`,`version`) VALUES (19,"Sheila","1",19,28,"Venus","1");
INSERT INTO `tb_produto` (`id`,`nome`,`descricao`,`id_categoria`,`preco`,`fabricante`,`version`) VALUES (20,"Celeste","1",20,29,"Eric","1");
INSERT INTO `tb_produto` (`id`,`nome`,`descricao`,`id_categoria`,`preco`,`fabricante`,`version`) VALUES (21,"Julie","1",21,30,"Kuame","1");
INSERT INTO `tb_produto` (`id`,`nome`,`descricao`,`id_categoria`,`preco`,`fabricante`,`version`) VALUES (22,"Kiona","1",22,31,"Shafira","1");
INSERT INTO `tb_produto` (`id`,`nome`,`descricao`,`id_categoria`,`preco`,`fabricante`,`version`) VALUES (23,"Olympia","1",23,32,"Lani","1");
INSERT INTO `tb_produto` (`id`,`nome`,`descricao`,`id_categoria`,`preco`,`fabricante`,`version`) VALUES (24,"Piper","1",24,33,"Malcolm","1");
INSERT INTO `tb_produto` (`id`,`nome`,`descricao`,`id_categoria`,`preco`,`fabricante`,`version`) VALUES (25,"Holly","1",25,34,"Shad","1");
INSERT INTO `tb_produto` (`id`,`nome`,`descricao`,`id_categoria`,`preco`,`fabricante`,`version`) VALUES (26,"Regina","1",26,35,"Ivan","1");
INSERT INTO `tb_produto` (`id`,`nome`,`descricao`,`id_categoria`,`preco`,`fabricante`,`version`) VALUES (27,"Jorden","1",27,36,"Reuben","1");
INSERT INTO `tb_produto` (`id`,`nome`,`descricao`,`id_categoria`,`preco`,`fabricante`,`version`) VALUES (28,"Nina","1",28,37,"Cameron","1");
INSERT INTO `tb_produto` (`id`,`nome`,`descricao`,`id_categoria`,`preco`,`fabricante`,`version`) VALUES (29,"Karyn","1",29,38,"Olympia","1");
INSERT INTO `tb_produto` (`id`,`nome`,`descricao`,`id_categoria`,`preco`,`fabricante`,`version`) VALUES (30,"Mechelle","1",30,39,"Pamela","1");
INSERT INTO `tb_produto` (`id`,`nome`,`descricao`,`id_categoria`,`preco`,`fabricante`,`version`) VALUES (31,"Kaye","1",31,40,"Uriah","1");
INSERT INTO `tb_produto` (`id`,`nome`,`descricao`,`id_categoria`,`preco`,`fabricante`,`version`) VALUES (32,"Kalia","1",32,41,"Rashad","1");
INSERT INTO `tb_produto` (`id`,`nome`,`descricao`,`id_categoria`,`preco`,`fabricante`,`version`) VALUES (33,"Alea","1",33,42,"Tanya","1");
INSERT INTO `tb_produto` (`id`,`nome`,`descricao`,`id_categoria`,`preco`,`fabricante`,`version`) VALUES (34,"Regina","1",34,43,"Beck","1");
INSERT INTO `tb_produto` (`id`,`nome`,`descricao`,`id_categoria`,`preco`,`fabricante`,`version`) VALUES (35,"Amaya","1",35,44,"Myles","1");
INSERT INTO `tb_produto` (`id`,`nome`,`descricao`,`id_categoria`,`preco`,`fabricante`,`version`) VALUES (36,"Rebekah","1",36,45,"Todd","1");
INSERT INTO `tb_produto` (`id`,`nome`,`descricao`,`id_categoria`,`preco`,`fabricante`,`version`) VALUES (37,"Mariam","1",37,46,"Jayme","1");
INSERT INTO `tb_produto` (`id`,`nome`,`descricao`,`id_categoria`,`preco`,`fabricante`,`version`) VALUES (38,"Kaden","1",38,47,"Reagan","1");
INSERT INTO `tb_produto` (`id`,`nome`,`descricao`,`id_categoria`,`preco`,`fabricante`,`version`) VALUES (39,"India","1",39,48,"Molly","1");
INSERT INTO `tb_produto` (`id`,`nome`,`descricao`,`id_categoria`,`preco`,`fabricante`,`version`) VALUES (40,"Linda","1",40,49,"Jillian","1");
INSERT INTO `tb_produto` (`id`,`nome`,`descricao`,`id_categoria`,`preco`,`fabricante`,`version`) VALUES (41,"Molly","1",41,50,"Solomon","1");
INSERT INTO `tb_produto` (`id`,`nome`,`descricao`,`id_categoria`,`preco`,`fabricante`,`version`) VALUES (42,"Katelyn","1",42,51,"Rama","1");
INSERT INTO `tb_produto` (`id`,`nome`,`descricao`,`id_categoria`,`preco`,`fabricante`,`version`) VALUES (43,"Jada","1",43,52,"Reece","1");
INSERT INTO `tb_produto` (`id`,`nome`,`descricao`,`id_categoria`,`preco`,`fabricante`,`version`) VALUES (44,"Leigh","1",44,53,"Belle","1");
INSERT INTO `tb_produto` (`id`,`nome`,`descricao`,`id_categoria`,`preco`,`fabricante`,`version`) VALUES (45,"Tasha","1",45,54,"Blaze","1");
INSERT INTO `tb_produto` (`id`,`nome`,`descricao`,`id_categoria`,`preco`,`fabricante`,`version`) VALUES (46,"Laura","1",46,55,"Germane","1");
INSERT INTO `tb_produto` (`id`,`nome`,`descricao`,`id_categoria`,`preco`,`fabricante`,`version`) VALUES (47,"Leila","1",47,56,"Cameran","1");
INSERT INTO `tb_produto` (`id`,`nome`,`descricao`,`id_categoria`,`preco`,`fabricante`,`version`) VALUES (48,"Vielka","1",48,57,"Maggy","1");
INSERT INTO `tb_produto` (`id`,`nome`,`descricao`,`id_categoria`,`preco`,`fabricante`,`version`) VALUES (49,"Lani","1",49,58,"Raya","1");
INSERT INTO `tb_produto` (`id`,`nome`,`descricao`,`id_categoria`,`preco`,`fabricante`,`version`) VALUES (50,"Madeline","1",50,59,"Cheryl","1");
INSERT INTO `tb_produto` (`id`,`nome`,`descricao`,`id_categoria`,`preco`,`fabricante`,`version`) VALUES (51,"Hedwig","1",51,60,"Leonard","1");
INSERT INTO `tb_produto` (`id`,`nome`,`descricao`,`id_categoria`,`preco`,`fabricante`,`version`) VALUES (52,"Zephr","1",52,61,"Alfreda","1");
INSERT INTO `tb_produto` (`id`,`nome`,`descricao`,`id_categoria`,`preco`,`fabricante`,`version`) VALUES (53,"Zenia","1",53,62,"Preston","1");
INSERT INTO `tb_produto` (`id`,`nome`,`descricao`,`id_categoria`,`preco`,`fabricante`,`version`) VALUES (54,"Carolyn","1",54,63,"Colby","1");
INSERT INTO `tb_produto` (`id`,`nome`,`descricao`,`id_categoria`,`preco`,`fabricante`,`version`) VALUES (55,"Nola","1",55,64,"Russell","1");
INSERT INTO `tb_produto` (`id`,`nome`,`descricao`,`id_categoria`,`preco`,`fabricante`,`version`) VALUES (56,"Claudia","1",56,65,"Sonya","1");
INSERT INTO `tb_produto` (`id`,`nome`,`descricao`,`id_categoria`,`preco`,`fabricante`,`version`) VALUES (57,"Veronica","1",57,66,"Tanya","1");
INSERT INTO `tb_produto` (`id`,`nome`,`descricao`,`id_categoria`,`preco`,`fabricante`,`version`) VALUES (58,"Nelle","1",58,67,"Rigel","1");
INSERT INTO `tb_produto` (`id`,`nome`,`descricao`,`id_categoria`,`preco`,`fabricante`,`version`) VALUES (59,"Rana","1",59,68,"Raphael","1");
INSERT INTO `tb_produto` (`id`,`nome`,`descricao`,`id_categoria`,`preco`,`fabricante`,`version`) VALUES (60,"Lillian","1",60,69,"Nigel","1");
INSERT INTO `tb_produto` (`id`,`nome`,`descricao`,`id_categoria`,`preco`,`fabricante`,`version`) VALUES (61,"Patience","1",61,70,"Chadwick","1");
INSERT INTO `tb_produto` (`id`,`nome`,`descricao`,`id_categoria`,`preco`,`fabricante`,`version`) VALUES (62,"Carly","1",62,71,"Kirby","1");
INSERT INTO `tb_produto` (`id`,`nome`,`descricao`,`id_categoria`,`preco`,`fabricante`,`version`) VALUES (63,"Zenia","1",63,72,"Indira","1");
INSERT INTO `tb_produto` (`id`,`nome`,`descricao`,`id_categoria`,`preco`,`fabricante`,`version`) VALUES (64,"Maya","1",64,73,"Ila","1");
INSERT INTO `tb_produto` (`id`,`nome`,`descricao`,`id_categoria`,`preco`,`fabricante`,`version`) VALUES (65,"Hedy","1",65,74,"Kyra","1");
INSERT INTO `tb_produto` (`id`,`nome`,`descricao`,`id_categoria`,`preco`,`fabricante`,`version`) VALUES (66,"Maile","1",66,75,"Dakota","1");
INSERT INTO `tb_produto` (`id`,`nome`,`descricao`,`id_categoria`,`preco`,`fabricante`,`version`) VALUES (67,"Sade","1",67,76,"Daquan","1");
INSERT INTO `tb_produto` (`id`,`nome`,`descricao`,`id_categoria`,`preco`,`fabricante`,`version`) VALUES (68,"Althea","1",68,77,"Rudyard","1");
INSERT INTO `tb_produto` (`id`,`nome`,`descricao`,`id_categoria`,`preco`,`fabricante`,`version`) VALUES (69,"Kitra","1",69,78,"Regina","1");
INSERT INTO `tb_produto` (`id`,`nome`,`descricao`,`id_categoria`,`preco`,`fabricante`,`version`) VALUES (70,"Stacy","1",70,79,"Elmo","1");
INSERT INTO `tb_produto` (`id`,`nome`,`descricao`,`id_categoria`,`preco`,`fabricante`,`version`) VALUES (71,"Madeline","1",71,80,"Nicholas","1");
INSERT INTO `tb_produto` (`id`,`nome`,`descricao`,`id_categoria`,`preco`,`fabricante`,`version`) VALUES (72,"Tatyana","1",72,81,"Herman","1");
INSERT INTO `tb_produto` (`id`,`nome`,`descricao`,`id_categoria`,`preco`,`fabricante`,`version`) VALUES (73,"Ora","1",73,82,"Gavin","1");
INSERT INTO `tb_produto` (`id`,`nome`,`descricao`,`id_categoria`,`preco`,`fabricante`,`version`) VALUES (74,"Kylan","1",74,83,"Carla","1");
INSERT INTO `tb_produto` (`id`,`nome`,`descricao`,`id_categoria`,`preco`,`fabricante`,`version`) VALUES (75,"Erin","1",75,84,"Brent","1");
INSERT INTO `tb_produto` (`id`,`nome`,`descricao`,`id_categoria`,`preco`,`fabricante`,`version`) VALUES (76,"Janna","1",76,85,"Maris","1");
INSERT INTO `tb_produto` (`id`,`nome`,`descricao`,`id_categoria`,`preco`,`fabricante`,`version`) VALUES (77,"Courtney","1",77,86,"Harlan","1");
INSERT INTO `tb_produto` (`id`,`nome`,`descricao`,`id_categoria`,`preco`,`fabricante`,`version`) VALUES (78,"Jael","1",78,87,"Benedict","1");
INSERT INTO `tb_produto` (`id`,`nome`,`descricao`,`id_categoria`,`preco`,`fabricante`,`version`) VALUES (79,"Britanney","1",79,88,"Evan","1");
INSERT INTO `tb_produto` (`id`,`nome`,`descricao`,`id_categoria`,`preco`,`fabricante`,`version`) VALUES (80,"Lucy","1",80,89,"Willow","1");
INSERT INTO `tb_produto` (`id`,`nome`,`descricao`,`id_categoria`,`preco`,`fabricante`,`version`) VALUES (81,"Carol","1",81,90,"Yetta","1");
INSERT INTO `tb_produto` (`id`,`nome`,`descricao`,`id_categoria`,`preco`,`fabricante`,`version`) VALUES (82,"Dai","1",82,91,"Jason","1");
INSERT INTO `tb_produto` (`id`,`nome`,`descricao`,`id_categoria`,`preco`,`fabricante`,`version`) VALUES (83,"Dominique","1",83,92,"Nero","1");
INSERT INTO `tb_produto` (`id`,`nome`,`descricao`,`id_categoria`,`preco`,`fabricante`,`version`) VALUES (84,"Gretchen","1",84,93,"Nicole","1");
INSERT INTO `tb_produto` (`id`,`nome`,`descricao`,`id_categoria`,`preco`,`fabricante`,`version`) VALUES (85,"Blair","1",85,94,"Palmer","1");
INSERT INTO `tb_produto` (`id`,`nome`,`descricao`,`id_categoria`,`preco`,`fabricante`,`version`) VALUES (86,"Whilemina","1",86,95,"Kaden","1");
INSERT INTO `tb_produto` (`id`,`nome`,`descricao`,`id_categoria`,`preco`,`fabricante`,`version`) VALUES (87,"Jocelyn","1",87,96,"Neville","1");
INSERT INTO `tb_produto` (`id`,`nome`,`descricao`,`id_categoria`,`preco`,`fabricante`,`version`) VALUES (88,"Bertha","1",88,97,"Suki","1");
INSERT INTO `tb_produto` (`id`,`nome`,`descricao`,`id_categoria`,`preco`,`fabricante`,`version`) VALUES (89,"Marcia","1",89,98,"Rebekah","1");
INSERT INTO `tb_produto` (`id`,`nome`,`descricao`,`id_categoria`,`preco`,`fabricante`,`version`) VALUES (90,"Dana","1",90,99,"Faith","1");
INSERT INTO `tb_produto` (`id`,`nome`,`descricao`,`id_categoria`,`preco`,`fabricante`,`version`) VALUES (91,"Frances","1",91,100,"Ralph","1");
INSERT INTO `tb_produto` (`id`,`nome`,`descricao`,`id_categoria`,`preco`,`fabricante`,`version`) VALUES (92,"Joy","1",92,101,"Richard","1");
INSERT INTO `tb_produto` (`id`,`nome`,`descricao`,`id_categoria`,`preco`,`fabricante`,`version`) VALUES (93,"Joan","1",93,102,"Maggie","1");
INSERT INTO `tb_produto` (`id`,`nome`,`descricao`,`id_categoria`,`preco`,`fabricante`,`version`) VALUES (94,"Rae","1",94,103,"Ferris","1");
INSERT INTO `tb_produto` (`id`,`nome`,`descricao`,`id_categoria`,`preco`,`fabricante`,`version`) VALUES (95,"Dahlia","1",95,104,"Acton","1");
INSERT INTO `tb_produto` (`id`,`nome`,`descricao`,`id_categoria`,`preco`,`fabricante`,`version`) VALUES (96,"Naida","1",96,105,"Michael","1");
INSERT INTO `tb_produto` (`id`,`nome`,`descricao`,`id_categoria`,`preco`,`fabricante`,`version`) VALUES (97,"Daria","1",97,106,"Francis","1");
INSERT INTO `tb_produto` (`id`,`nome`,`descricao`,`id_categoria`,`preco`,`fabricante`,`version`) VALUES (98,"Urielle","1",98,107,"Amir","1");
INSERT INTO `tb_produto` (`id`,`nome`,`descricao`,`id_categoria`,`preco`,`fabricante`,`version`) VALUES (99,"Jamalia","1",99,108,"Brennan","1");
INSERT INTO `tb_produto` (`id`,`nome`,`descricao`,`id_categoria`,`preco`,`fabricante`,`version`) VALUES (100,"Kathleen","1",100,109,"Travis","1");

